﻿<?xml version="1.0" encoding="utf-8"?>
<ModMetaData>
	<name>Vanilla Fishing Expanded</name>
	<author>Oskar Potocki, Sarg Bjornson</author>
	<supportedVersions>
      <li>1.0</li>
      <li>1.1</li>
	  <li>1.2</li>
	  <li>1.3</li>
   </supportedVersions>
   <modDependencies>
		<li>
			<packageId>brrainz.harmony</packageId>
			<displayName>Harmony</displayName>
			<steamWorkshopUrl>steam://url/CommunityFilePage/2009463077</steamWorkshopUrl>
			<downloadUrl>https://github.com/pardeike/HarmonyRimWorld/releases/latest</downloadUrl>
		</li>
	</modDependencies>
	
		<packageId>VanillaExpanded.VCEF</packageId>
	<loadAfter>
	   <li>vanillaexpanded.achievements</li>
     
    </loadAfter>
	<description>
Vanilla Fishing Expanded is a first module in a brand new mod series “Vanilla Cuisine Expanded” from the Vanilla Expanded team. With such an important mechanic missing from the base game, we Oskar and Sarg have decided to introduce a way to catch fish in your local water sources, adding a bit of purpose for settling near running water and ocean side.

With simple, intuitive, vanilla-like mechanics, all it takes is to designate a fishing zone same way you designate a growing zone, and assign your Animals capable pawns to the new fishing job type. In no time they will pull out fishing rods from their invisible bags, head straight down to the river and whilst chatting to each other, try to catch a new meat type called fish, which can be eaten raw (providing an Ate raw food debuff, just like regular vanilla meat), or used in a cooking recipe. Unlike other mods, the fish don’t need to be butchered.

&lt;size=24&gt;Compatibility&lt;/size&gt;

Compatible with any other fishing mod
Compatible with Advanced Biomes
Compatible with Realistic Planets
Compatible with Nature's Pretty Sweet
Compatible with Mallorn Forest from LotR mod
Extra compatibility with Alpha Biomes (19 specific fish)

&lt;size=24&gt;Changelog&lt;/size&gt;

v2.05: Added 3 new achievements for Vanilla Achievements Expanded (15/11/20) 
v2.0: Updated to RimWorld 1.1 (20/02/20) 
v1.03: Added extensive mod options. Added the Fisherman trait (25/11/19)
v1.02: CE patch fixed (22/11/19)
v1.01: Bugfixing, compat patches and balance tweaks (18/11/19)
v1.0: Release (16/11/19)
v0.1: Pre-Alpha (25/10/19)

</description>
</ModMetaData>