<?xml version="1.0" encoding="UTF-8"?>
<Defs>
  
   <VCE_Fishing.FishableTerrainDef>
      <defName>VCEF_VanillaFishableTerrainsFresh</defName>  
	  <isOcean>false</isOcean>
      <allowedTerrains>
         <li>WaterDeep</li>
		 <li>WaterMovingChestDeep</li>
		 <li>WaterShallow</li>
		 <li>WaterMovingShallow</li>
		 <li>Marsh</li>
      </allowedTerrains>      
   </VCE_Fishing.FishableTerrainDef>
   
   <VCE_Fishing.FishableTerrainDef>
      <defName>VCEF_VanillaFishableTerrainsOcean</defName>     
	  <isOcean>true</isOcean>	  
      <allowedTerrains>         
		 <li>WaterOceanDeep</li>		
		 <li>WaterOceanShallow</li>		
      </allowedTerrains>      
   </VCE_Fishing.FishableTerrainDef>
   
  
   
 
   
</Defs>