﻿<?xml version="1.0" encoding="utf-8" ?>
<Defs>



  <WorkTypeDef>
    <defName>VCEF_Fishing</defName>
    <labelShort>Fish</labelShort>
    <pawnLabel>Fisher</pawnLabel>
    <gerundLabel>fishing</gerundLabel>
    <description>Catch fish in designated work zones.</description>
    <verb>Fish</verb>
    <naturalPriority>925</naturalPriority>
    <relevantSkills>
   
      <li>Animals</li>
    </relevantSkills>
    <workTags>
      <li>ManualSkilled</li>
	  <li>Animals</li>
	  <li>Violent</li>

    </workTags>
  </WorkTypeDef>


 

 

</Defs>